column,n_samples,n_features_original,n_features_final,var_thresh,corr_thresh,best_n_components,best_alpha,rmse_loo,r2_loo,r2_std
col_1,20,268,69,0.0,0.8,6,0.1,0.049629031929990575,0.5965369899982762,0.0
col_1,20,268,80,0.0,0.85,9,1.0,0.0501661309243643,0.5877569610679455,0.0
col_1,20,268,96,0.0,0.9,9,0.1,0.0477123557663791,0.6270987521556938,0.0
col_1,20,268,121,0.0,0.95,9,0.1,0.05180562744725983,0.5603713444114369,0.0
col_1,20,268,268,0.0,1.0,12,0.1,0.04880997523937083,0.6097442675182452,0.0
col_1,20,268,35,0.01,0.8,12,10.0,0.06646826845829115,0.27629621002605165,0.0
col_1,20,268,43,0.01,0.85,2,10.0,0.06529318315773772,0.30165858276426005,0.0
col_1,20,268,54,0.01,0.9,1,10.0,0.062134703160542065,0.36758731531206434,0.0
col_1,20,268,76,0.01,0.95,1,10.0,0.061275018230876756,0.3849661559942211,5.551115123125783e-17
col_1,20,268,210,0.01,1.0,1,10.0,0.0613421804085959,0.3836171674055896,5.551115123125783e-17
col_1,20,268,31,0.05,0.8,1,0.1,0.06503069343046869,0.30726219942706856,0.0
col_1,20,268,39,0.05,0.85,1,0.1,0.06347210638667648,0.3400698981675617,5.551115123125783e-17
col_1,20,268,50,0.05,0.9,1,10.0,0.06124642290213607,0.38554006006678443,0.0
col_1,20,268,70,0.05,0.95,1,10.0,0.061566906433344774,0.37909267901679355,5.551115123125783e-17
col_1,20,268,195,0.05,1.0,1,10.0,0.06191495282680618,0.3720526829852763,5.551115123125783e-17
col_2,20,268,69,0.0,0.8,9,0.1,0.052985481363690155,0.7222810134195314,0.0
col_2,20,268,80,0.0,0.85,9,0.1,0.05523532054760605,0.6981956043133059,0.0
col_2,20,268,96,0.0,0.9,9,0.1,0.054412088931470017,0.7071247975184289,0.0
col_2,20,268,121,0.0,0.95,12,5.0,0.05874303378450286,0.6586463529323133,0.0
col_2,20,268,268,0.0,1.0,12,10.0,0.06317851127783561,0.6051514207850824,0.0
col_2,20,268,35,0.01,0.8,2,0.1,0.08290549408363003,0.3200790435007602,0.0
col_2,20,268,43,0.01,0.85,2,0.1,0.07861900709249416,0.388569761973524,0.0
col_2,20,268,54,0.01,0.9,2,5.0,0.0737007317301963,0.4626770345665878,0.0
col_2,20,268,76,0.01,0.95,2,10.0,0.07381747202946967,0.460973471478728,5.551115123125783e-17
col_2,20,268,210,0.01,1.0,2,10.0,0.07242122960389319,0.48117177788704957,5.551115123125783e-17
col_2,20,268,31,0.05,0.8,2,0.1,0.07999681153219289,0.3669512458881008,0.0
col_2,20,268,39,0.05,0.85,2,0.1,0.07695458112615797,0.41418463188224064,0.0
col_2,20,268,50,0.05,0.9,2,10.0,0.07303569313869045,0.47233035193896966,0.0
col_2,20,268,70,0.05,0.95,2,10.0,0.07407269417049989,0.4572396852629925,0.0
col_2,20,268,195,0.05,1.0,2,10.0,0.071967311077401,0.48765517225132027,0.0
col_3,19,268,70,0.0,0.8,9,1.0,0.059234850032084424,0.47946697934791027,0.0
col_3,19,268,78,0.0,0.85,9,1.0,0.05969810595083508,0.47129331333266866,0.0
col_3,19,268,97,0.0,0.9,9,5.0,0.05800503524185014,0.5008568813428174,0.0
col_3,19,268,121,0.0,0.95,9,10.0,0.06139013143094179,0.44089828487051086,5.551115123125783e-17
col_3,19,268,268,0.0,1.0,12,0.1,0.0626081880840925,0.4184916320056341,5.551115123125783e-17
col_3,19,268,35,0.01,0.8,2,10.0,0.07780203584209512,0.1020014802317537,0.0
col_3,19,268,41,0.01,0.85,2,10.0,0.0754398158736307,0.15570359962354074,0.0
col_3,19,268,55,0.01,0.9,2,10.0,0.07252458331181538,0.21969537206236767,0.0
col_3,19,268,76,0.01,0.95,2,10.0,0.07341199538317951,0.2004829025739585,0.0
col_3,19,268,210,0.01,1.0,2,10.0,0.07246455145464047,0.22098662384912993,0.0
col_3,19,268,31,0.05,0.8,2,10.0,0.07639038374114367,0.1342926962887211,0.0
col_3,19,268,37,0.05,0.85,2,10.0,0.07462069744033903,0.17393864402883796,0.0
col_3,19,268,51,0.05,0.9,2,10.0,0.07218420538652263,0.22700255521927748,0.0
col_3,19,268,70,0.05,0.95,2,10.0,0.0733385250804263,0.2020824060117501,0.0
col_3,19,268,195,0.05,1.0,2,10.0,0.0719493484157464,0.23202438800870384,0.0
col_5,21,268,70,0.0,0.8,15,1.0,0.28754965050896275,0.2769240424170313,0.0
col_5,21,268,80,0.0,0.85,15,5.0,0.29450800999136934,0.24150546579264454,0.0
col_5,21,268,98,0.0,0.9,15,5.0,0.3075656003466279,0.17275575669133847,0.0
col_5,21,268,122,0.0,0.95,15,0.1,0.30631658089604286,0.1794609679005672,0.0
col_5,21,268,268,0.0,1.0,20,10.0,0.3367852737314485,0.008107926279646627,0.0
col_5,21,268,36,0.01,0.8,1,10.0,0.3476594348411452,-0.0569787908073216,0.0
col_5,21,268,42,0.01,0.85,1,10.0,0.3498428441875505,-0.0702967913798116,0.0
col_5,21,268,56,0.01,0.9,1,10.0,0.3459647693878113,-0.04669942197911103,0.0
col_5,21,268,77,0.01,0.95,1,10.0,0.344285060917514,-0.036560344214649376,0.0
col_5,21,268,210,0.01,1.0,1,10.0,0.3428524552682321,-0.0279518230146083,0.0
col_5,21,268,32,0.05,0.8,1,10.0,0.3459649875406488,-0.04670074200092311,0.0
col_5,21,268,38,0.05,0.85,1,10.0,0.34978457064342966,-0.06994026104725282,0.0
col_5,21,268,52,0.05,0.9,1,10.0,0.34608904999212,-0.047451566782636956,0.0
col_5,21,268,71,0.05,0.95,1,10.0,0.345197885042715,-0.04206422313632796,0.0
col_5,21,268,195,0.05,1.0,1,10.0,0.34371270002600446,-0.03311672430927137,0.0
col_6,21,268,70,0.0,0.8,9,0.1,0.24196181561178318,0.34784781902307194,5.551115123125783e-17
col_6,21,268,80,0.0,0.85,9,0.1,0.24203494327544683,0.34745356200435973,0.0
col_6,21,268,98,0.0,0.9,9,5.0,0.2483814397889987,0.31278352561618694,0.0
col_6,21,268,122,0.0,0.95,12,10.0,0.25305381607920335,0.28668548161341967,0.0
col_6,21,268,268,0.0,1.0,2,10.0,0.2764430715749941,0.14873122942218908,0.0
col_6,21,268,36,0.01,0.8,2,10.0,0.2906680651970187,0.058869341615976234,0.0
col_6,21,268,42,0.01,0.85,2,10.0,0.2917894606081171,0.051593582412859496,0.0
col_6,21,268,56,0.01,0.9,2,10.0,0.2825917888590518,0.11044181742326376,0.0
col_6,21,268,77,0.01,0.95,2,10.0,0.2830590358853581,0.10749773304766241,0.0
col_6,21,268,210,0.01,1.0,2,10.0,0.2806419949851203,0.12267480909199657,0.0
col_6,21,268,32,0.05,0.8,1,0.1,0.2877542875552676,0.0776433391216963,0.0
col_6,21,268,38,0.05,0.85,1,10.0,0.2914544884138328,0.053769859961229294,0.0
col_6,21,268,52,0.05,0.9,2,10.0,0.28297730217907036,0.1080130812757758,0.0
col_6,21,268,71,0.05,0.95,2,10.0,0.28365171347685286,0.10375632359258224,0.0
col_6,21,268,195,0.05,1.0,2,10.0,0.2813304519151461,0.11836510868763883,0.0
col_7,21,268,70,0.0,0.8,9,5.0,0.2280109023061936,0.3303599374208861,0.0
col_7,21,268,80,0.0,0.85,9,5.0,0.2252378898493101,0.3465488872748832,0.0
col_7,21,268,98,0.0,0.9,9,5.0,0.22868567392745154,0.32639062971824173,0.0
col_7,21,268,122,0.0,0.95,12,10.0,0.2357306869381738,0.2842482057049066,0.0
col_7,21,268,268,0.0,1.0,2,10.0,0.26054997594405394,0.1255957160371174,0.0
col_7,21,268,36,0.01,0.8,2,10.0,0.2735815208564152,0.03594076136567159,0.0
col_7,21,268,42,0.01,0.85,2,10.0,0.2733848634673632,0.037326244064392,0.0
col_7,21,268,56,0.01,0.9,2,10.0,0.2650537985725083,0.09510483624240074,0.0
col_7,21,268,77,0.01,0.95,2,10.0,0.2659330882498708,0.08909107789835591,0.0
col_7,21,268,210,0.01,1.0,2,10.0,0.263831458978775,0.10343173995650279,0.0
col_7,21,268,32,0.05,0.8,1,5.0,0.27097847330668634,0.054198964569497465,0.0
col_7,21,268,38,0.05,0.85,2,10.0,0.27288287215172363,0.0408583356511969,0.0
col_7,21,268,52,0.05,0.9,2,10.0,0.2652745556636039,0.09359687662268756,0.0
col_7,21,268,71,0.05,0.95,2,10.0,0.2663973424056748,0.08590785320417083,0.0
col_7,21,268,195,0.05,1.0,2,10.0,0.2641410448222921,0.10132639821610012,0.0
col_9,20,268,69,0.0,0.8,9,1.0,0.048350493546003986,0.6267927480615944,0.0
col_9,20,268,80,0.0,0.85,9,1.0,0.04862003604320716,0.6226200662766981,0.0
col_9,20,268,96,0.0,0.9,9,0.1,0.04612216097030584,0.6604001065499996,0.0
col_9,20,268,121,0.0,0.95,9,0.1,0.05018922824455774,0.5978673959475874,0.0
col_9,20,268,268,0.0,1.0,12,0.1,0.04801280182161486,0.6319876853828763,0.0
col_9,20,268,35,0.01,0.8,12,10.0,0.06596901001880913,0.30525059341287675,0.0
col_9,20,268,43,0.01,0.85,2,10.0,0.06439820609110905,0.33794237743407485,0.0
col_9,20,268,54,0.01,0.9,2,10.0,0.0610064937298021,0.40584414476302955,5.551115123125783e-17
col_9,20,268,76,0.01,0.95,1,10.0,0.0605428313239566,0.4148412476498945,5.551115123125783e-17
col_9,20,268,210,0.01,1.0,1,10.0,0.060544216770350656,0.4148144661022972,0.0
col_9,20,268,31,0.05,0.8,1,0.1,0.06463248730340791,0.33311647269712896,0.0
col_9,20,268,39,0.05,0.85,1,0.1,0.06294907037659697,0.3674033427078929,0.0
col_9,20,268,50,0.05,0.9,1,10.0,0.06068389022305444,0.4121113453697762,0.0
col_9,20,268,70,0.05,0.95,1,10.0,0.06083349198421051,0.4092091719359827,0.0
col_9,20,268,195,0.05,1.0,2,10.0,0.06095760342086954,0.4067960704316722,0.0
col_10,20,268,69,0.0,0.8,6,0.1,0.05444538795345918,0.6651548649399703,0.0
col_10,20,268,80,0.0,0.85,15,1.0,0.056207584859638414,0.643128678009268,0.0
col_10,20,268,96,0.0,0.9,15,1.0,0.054479293435365964,0.6647376901847777,0.0
col_10,20,268,121,0.0,0.95,15,5.0,0.05850855114181141,0.6133121847206844,0.0
col_10,20,268,268,0.0,1.0,18,0.1,0.054920048139995806,0.6592909900652953,0.0
col_10,20,268,35,0.01,0.8,2,5.0,0.07646398093867829,0.3395565919075364,5.551115123125783e-17
col_10,20,268,43,0.01,0.85,2,10.0,0.07406227802749124,0.3803935470196932,5.551115123125783e-17
col_10,20,268,54,0.01,0.9,2,10.0,0.07264000895349353,0.40396250873868345,5.551115123125783e-17
col_10,20,268,76,0.01,0.95,1,10.0,0.07173107972018919,0.4187853720229152,5.551115123125783e-17
col_10,20,268,210,0.01,1.0,6,10.0,0.07339372095349007,0.39152938065586773,0.0
col_10,20,268,31,0.05,0.8,1,0.1,0.07515288124059405,0.36201117632793967,0.0
col_10,20,268,39,0.05,0.85,1,0.1,0.07412470973691136,0.3793484969550295,5.551115123125783e-17
col_10,20,268,50,0.05,0.9,3,10.0,0.07331367878748381,0.39285583605610075,0.0
col_10,20,268,70,0.05,0.95,1,10.0,0.07276819143342064,0.4018570857088528,0.0
col_10,20,268,195,0.05,1.0,6,10.0,0.07213068115188692,0.41229164232185755,5.551115123125783e-17
col_11,20,268,69,0.0,0.8,6,0.1,0.05098605991190009,0.5593188158433859,0.0
col_11,20,268,80,0.0,0.85,6,0.1,0.05389284975225536,0.5076387092017001,0.0
col_11,20,268,96,0.0,0.9,9,10.0,0.05203973514066902,0.5409164208321777,0.0
col_11,20,268,121,0.0,0.95,12,5.0,0.05504314983793925,0.48639628003359336,5.551115123125783e-17
col_11,20,268,268,0.0,1.0,18,10.0,0.055107246037812904,0.4851994294165033,5.551115123125783e-17
col_11,20,268,35,0.01,0.8,2,0.1,0.06732563696054465,0.23160851124884585,0.0
col_11,20,268,43,0.01,0.85,2,1.0,0.06645251514919792,0.25140926095026617,0.0
col_11,20,268,54,0.01,0.9,2,10.0,0.06465855281807117,0.29128183547596165,0.0
col_11,20,268,76,0.01,0.95,2,10.0,0.06465521160926545,0.29135507912546277,0.0
col_11,20,268,210,0.01,1.0,2,10.0,0.06550595128573461,0.27258354740650315,0.0
col_11,20,268,31,0.05,0.8,2,0.1,0.06655286691094439,0.24914661907681346,0.0
col_11,20,268,39,0.05,0.85,2,10.0,0.0666633339190239,0.24665195978991605,0.0
col_11,20,268,50,0.05,0.9,2,10.0,0.06506650298152124,0.2823105932794858,0.0
col_11,20,268,70,0.05,0.95,2,10.0,0.06557125695375307,0.27113243965161704,0.0
col_11,20,268,195,0.05,1.0,2,10.0,0.06565906252678061,0.26917909952607444,0.0
col_13,21,268,70,0.0,0.8,15,1.0,0.2871038939478185,0.2807472724432114,0.0
col_13,21,268,80,0.0,0.85,9,0.1,0.29415270665822235,0.24499635255338426,0.0
col_13,21,268,98,0.0,0.9,15,5.0,0.30637122140065653,0.18097098420229962,0.0
col_13,21,268,122,0.0,0.95,15,0.1,0.3055925967831471,0.18512872324847252,0.0
col_13,21,268,268,0.0,1.0,20,10.0,0.33600712308618774,0.014854630723911466,0.0
col_13,21,268,36,0.01,0.8,1,10.0,0.34908463195336015,-0.06332203002199632,0.0
col_13,21,268,42,0.01,0.85,1,10.0,0.3511279476467512,-0.07580646038407712,0.0
col_13,21,268,56,0.01,0.9,1,10.0,0.34723858443382327,-0.052105536666917196,0.0
col_13,21,268,77,0.01,0.95,1,10.0,0.34551904884856655,-0.041711222490961486,0.0
col_13,21,268,210,0.01,1.0,1,10.0,0.343945667566973,-0.032245595706331454,0.0
col_13,21,268,32,0.05,0.8,1,10.0,0.34723775408577856,-0.052100504894701194,0.0
col_13,21,268,38,0.05,0.85,1,10.0,0.35094569887936367,-0.07468998121901316,0.0
col_13,21,268,52,0.05,0.9,1,10.0,0.34728589561542306,-0.05239225449925344,0.0
col_13,21,268,71,0.05,0.95,1,10.0,0.3464048544277649,-0.04705932960950454,0.0
col_13,21,268,195,0.05,1.0,1,10.0,0.34477916211181014,-0.037254605189872336,0.0
col_14,21,268,70,0.0,0.8,15,0.1,0.2477549687005837,0.4695981810659925,5.551115123125783e-17
col_14,21,268,80,0.0,0.85,15,0.1,0.2595974702235494,0.4176807182550468,0.0
col_14,21,268,98,0.0,0.9,15,0.1,0.27446054022114325,0.3490912848317378,0.0
col_14,21,268,122,0.0,0.95,15,0.1,0.27905886511037786,0.327097865108664,0.0
col_14,21,268,268,0.0,1.0,18,0.1,0.2957225130344583,0.24433547404590916,0.0
col_14,21,268,36,0.01,0.8,1,5.0,0.32777965493314726,0.07162327005245184,0.0
col_14,21,268,42,0.01,0.85,12,5.0,0.3229406302723397,0.09883226121484479,0.0
col_14,21,268,56,0.01,0.9,12,10.0,0.3276169252675754,0.07254484606406786,0.0
col_14,21,268,77,0.01,0.95,1,10.0,0.3264617251665894,0.0790738578215684,0.0
col_14,21,268,210,0.01,1.0,1,10.0,0.3281440464512962,0.06955797624723614,0.0
col_14,21,268,32,0.05,0.8,1,0.1,0.32984890027750774,0.059864743391984,0.0
col_14,21,268,38,0.05,0.85,1,10.0,0.3356899665217027,0.026273520601185707,0.0
col_14,21,268,52,0.05,0.9,1,10.0,0.33131070309545957,0.05151341879581506,0.0
col_14,21,268,71,0.05,0.95,1,10.0,0.32863699244674544,0.06676041110507813,0.0
col_14,21,268,195,0.05,1.0,1,10.0,0.329870779571389,0.05974001853917765,0.0
col_15,21,268,70,0.0,0.8,15,0.1,0.30333324218539137,0.4504652632324656,5.551115123125783e-17
col_15,21,268,80,0.0,0.85,15,0.1,0.3105680823383617,0.423938598627393,5.551115123125783e-17
col_15,21,268,98,0.0,0.9,15,0.1,0.3379993863809738,0.31768179420362197,0.0
col_15,21,268,122,0.0,0.95,15,0.1,0.342573213153268,0.29909051350867866,0.0
col_15,21,268,268,0.0,1.0,12,10.0,0.3770060306640205,0.1511093886360957,0.0
col_15,21,268,36,0.01,0.8,12,10.0,0.38270692036890075,0.1252423146954652,0.0
col_15,21,268,42,0.01,0.85,12,1.0,0.36934997910291506,0.18523700997952586,0.0
col_15,21,268,56,0.01,0.9,12,10.0,0.38440497551256214,0.11746256466567961,0.0
col_15,21,268,77,0.01,0.95,12,10.0,0.3848136134769287,0.1155852217041976,0.0
col_15,21,268,210,0.01,1.0,1,10.0,0.38922566694035576,0.09518856893172878,0.0
col_15,21,268,32,0.05,0.8,12,10.0,0.39118020042524926,0.08607856054571017,0.0
col_15,21,268,38,0.05,0.85,12,10.0,0.3813536924137432,0.1314175556624888,0.0
col_15,21,268,52,0.05,0.9,1,10.0,0.3942878523969964,0.0714999532548628,0.0
col_15,21,268,71,0.05,0.95,1,10.0,0.3887459899151693,0.09741735214738545,0.0
col_15,21,268,195,0.05,1.0,1,10.0,0.39160734882250287,0.08408156164337988,0.0
col_17,17,268,65,0.0,0.8,2,10.0,0.5724567647770192,-0.07735487012170505,0.0
col_17,17,268,78,0.0,0.85,2,5.0,0.569816638290617,-0.06744042999714384,0.0
col_17,17,268,93,0.0,0.9,2,0.1,0.5587935658113722,-0.02654073860323658,0.0
col_17,17,268,119,0.0,0.95,2,10.0,0.5860434265364597,-0.12910152365592253,0.0
col_17,17,268,268,0.0,1.0,1,10.0,0.6055305812202647,-0.20543988780399092,0.0
col_17,17,268,34,0.01,0.8,1,10.0,0.5936166672283294,-0.1584720712257559,0.0
col_17,17,268,40,0.01,0.85,1,10.0,0.5939915302418673,-0.15993566035242535,0.0
col_17,17,268,52,0.01,0.9,1,10.0,0.6017695698374814,-0.19051217406207854,0.0
col_17,17,268,74,0.01,0.95,1,10.0,0.6003635711081062,-0.18495555155269394,0.0
col_17,17,268,210,0.01,1.0,1,10.0,0.6049537751874707,-0.20314446669695485,0.0
col_17,17,268,30,0.05,0.8,1,10.0,0.5979030071193926,-0.17526247806297057,0.0
col_17,17,268,36,0.05,0.85,1,10.0,0.5966763171319883,-0.17044496157504518,0.0
col_17,17,268,46,0.05,0.9,1,10.0,0.6010138819407931,-0.1875240177883215,0.0
col_17,17,268,67,0.05,0.95,1,10.0,0.5997449754262881,-0.18251492794314683,0.0
col_17,17,268,195,0.05,1.0,1,10.0,0.6046565115697764,-0.20196234925351186,0.0
col_18,17,268,65,0.0,0.8,9,0.1,0.054603020306048085,0.5376418974721828,0.0
col_18,17,268,78,0.0,0.85,9,10.0,0.06186490759715725,0.4064820224890595,0.0
col_18,17,268,93,0.0,0.9,9,10.0,0.05686111122997032,0.49860981679612604,5.551115123125783e-17
col_18,17,268,119,0.0,0.95,9,5.0,0.05676963839665252,0.5002216984194828,0.0
col_18,17,268,268,0.0,1.0,12,10.0,0.05885320293888607,0.4628626559391019,5.551115123125783e-17
col_18,17,268,34,0.01,0.8,6,10.0,0.07281396479915707,0.1778056274069737,0.0
col_18,17,268,40,0.01,0.85,2,0.1,0.0707024047828786,0.22480044958054168,0.0
col_18,17,268,52,0.01,0.9,2,0.1,0.06485566298373867,0.3477096592152693,0.0
col_18,17,268,74,0.01,0.95,2,5.0,0.06357545006660573,0.3732071587311886,5.551115123125783e-17
col_18,17,268,210,0.01,1.0,2,0.1,0.0604500179308337,0.43331983848185485,0.0
col_18,17,268,30,0.05,0.8,3,0.1,0.07227360312334359,0.18996356421096916,0.0
col_18,17,268,36,0.05,0.85,3,0.1,0.06897201181869128,0.2622810679664026,0.0
col_18,17,268,46,0.05,0.9,3,0.1,0.06677505892758807,0.30852942960278684,0.0
col_18,17,268,67,0.05,0.95,2,5.0,0.06452283158897401,0.3543874301787505,5.551115123125783e-17
col_18,17,268,195,0.05,1.0,2,0.1,0.06142234700245069,0.4149433024454524,5.551115123125783e-17
col_19,17,268,65,0.0,0.8,12,0.1,0.08074295377953462,0.48856848396369845,5.551115123125783e-17
col_19,17,268,78,0.0,0.85,12,10.0,0.08906175215279863,0.3777560379217786,0.0
col_19,17,268,93,0.0,0.9,12,10.0,0.08685497886697714,0.4082099497011128,5.551115123125783e-17
col_19,17,268,119,0.0,0.95,12,10.0,0.08612955609227482,0.4180540648652227,0.0
col_19,17,268,268,0.0,1.0,15,10.0,0.08577356100458086,0.42285478046132063,5.551115123125783e-17
col_19,17,268,34,0.01,0.8,6,10.0,0.10577619742353024,0.12228378418585883,0.0
col_19,17,268,40,0.01,0.85,2,0.1,0.1059755987859023,0.1189714553499388,0.0
col_19,17,268,52,0.01,0.9,2,0.1,0.09730696082803589,0.2572100171565702,0.0
col_19,17,268,74,0.01,0.95,2,0.1,0.0956047651873371,0.28297004463464326,0.0
col_19,17,268,210,0.01,1.0,2,0.1,0.09278775118924264,0.3246023895904683,0.0
col_19,17,268,30,0.05,0.8,6,10.0,0.10541765541266117,0.12822396335205133,0.0
col_19,17,268,36,0.05,0.85,3,0.1,0.10354515023432906,0.1589191472292657,0.0
col_19,17,268,46,0.05,0.9,3,0.1,0.10007419421784516,0.21436210188017435,0.0
col_19,17,268,67,0.05,0.95,2,0.1,0.09715757116096825,0.25948899017462046,0.0
col_19,17,268,195,0.05,1.0,2,0.1,0.09445777331589227,0.3000715793699278,0.0
col_21,20,268,69,0.0,0.8,12,0.1,0.29458881342129084,0.3088303586922153,0.0
col_21,20,268,80,0.0,0.85,12,0.1,0.3021197669843344,0.2730401356918377,0.0
col_21,20,268,96,0.0,0.9,12,0.1,0.31268651138763415,0.22129951334616338,0.0
col_21,20,268,121,0.0,0.95,12,0.1,0.30776797464057165,0.2456046463068392,0.0
col_21,20,268,268,0.0,1.0,18,10.0,0.345263930990348,0.05058831272224362,0.0
col_21,20,268,35,0.01,0.8,1,10.0,0.3686011005377406,-0.0820950415154118,0.0
col_21,20,268,43,0.01,0.85,1,10.0,0.36878296905514724,-0.08316312064551079,0.0
col_21,20,268,54,0.01,0.9,1,10.0,0.36549610516571196,-0.06394127773640412,0.0
col_21,20,268,76,0.01,0.95,1,10.0,0.36434765297538,-0.057265606039136774,0.0
col_21,20,268,210,0.01,1.0,1,10.0,0.36236318884175583,-0.04577991723067276,0.0
col_21,20,268,31,0.05,0.8,1,10.0,0.36675670971336616,-0.07129305043664225,0.0
col_21,20,268,39,0.05,0.85,1,10.0,0.3684860117367135,-0.08141941912271866,0.0
col_21,20,268,50,0.05,0.9,1,10.0,0.3655892317479809,-0.06448352065625662,0.0
col_21,20,268,70,0.05,0.95,1,10.0,0.3652545301479181,-0.06253531641360954,0.0
col_21,20,268,195,0.05,1.0,1,10.0,0.36332352981020094,-0.05133034918838142,0.0
col_22,20,268,69,0.0,0.8,6,0.1,0.04869386402016265,0.599798743708327,0.0
col_22,20,268,80,0.0,0.85,9,1.0,0.04959017569043607,0.5849300772170445,0.0
col_22,20,268,96,0.0,0.9,9,0.1,0.04788229295076305,0.6130277263643711,0.0
col_22,20,268,121,0.0,0.95,9,1.0,0.05231900354148097,0.5379926357106211,0.0
col_22,20,268,268,0.0,1.0,12,0.1,0.04852591063477564,0.6025547064544106,0.0
col_22,20,268,35,0.01,0.8,12,10.0,0.06691211635221801,0.2443172598450971,0.0
col_22,20,268,43,0.01,0.85,2,10.0,0.06474801921517159,0.29240795100413863,0.0
col_22,20,268,54,0.01,0.9,1,10.0,0.06210666309369978,0.34896196453279393,0.0
col_22,20,268,76,0.01,0.95,1,10.0,0.06108181645550776,0.37027076222552213,0.0
col_22,20,268,210,0.01,1.0,1,10.0,0.061514387938467675,0.3613198998363987,0.0
col_22,20,268,31,0.05,0.8,1,0.1,0.06457785017499404,0.29612241305979536,0.0
col_22,20,268,39,0.05,0.85,1,0.1,0.06319502837483178,0.3259442826624259,0.0
col_22,20,268,50,0.05,0.9,1,10.0,0.061279463922628855,0.36618883520068,5.551115123125783e-17
col_22,20,268,70,0.05,0.95,1,10.0,0.06142051817620557,0.3632676394727882,5.551115123125783e-17
col_22,20,268,195,0.05,1.0,1,10.0,0.06212416199357853,0.348595045629877,0.0
col_23,20,268,69,0.0,0.8,6,0.1,0.06891811082200633,0.5836786677528786,0.0
col_23,20,268,80,0.0,0.85,6,0.1,0.07059444899896335,0.5631794693137078,0.0
col_23,20,268,96,0.0,0.9,9,5.0,0.06719229227652575,0.6042682904460119,0.0
col_23,20,268,121,0.0,0.95,9,10.0,0.07173147422653779,0.5489949034984152,0.0
col_23,20,268,268,0.0,1.0,12,0.1,0.07005495708655432,0.5698304360776625,0.0
col_23,20,268,35,0.01,0.8,2,10.0,0.0934215028127651,0.23501021691285406,0.0
col_23,20,268,43,0.01,0.85,2,10.0,0.08928955393097729,0.3011833512704808,0.0
col_23,20,268,54,0.01,0.9,2,10.0,0.08488174303347876,0.3684750476255926,5.551115123125783e-17
col_23,20,268,76,0.01,0.95,1,10.0,0.08538547555950421,0.36095720946442933,0.0
col_23,20,268,210,0.01,1.0,2,10.0,0.08453759269361236,0.37358566201984433,0.0
col_23,20,268,31,0.05,0.8,1,0.1,0.0906054304264056,0.2804344014239747,0.0
col_23,20,268,39,0.05,0.85,2,10.0,0.08809767515552236,0.3197150986910974,0.0
col_23,20,268,50,0.05,0.9,2,10.0,0.08466372683999743,0.3717149869672225,0.0
col_23,20,268,70,0.05,0.95,1,10.0,0.08582848504829933,0.3543088554235877,5.551115123125783e-17
col_23,20,268,195,0.05,1.0,2,10.0,0.08405384373586318,0.38073420429294125,5.551115123125783e-17
col_25,22,268,72,0.0,0.8,15,1.0,0.29745565753988656,0.23949244966705174,0.0
col_25,22,268,81,0.0,0.85,15,0.1,0.28817479411651026,0.2862090354905952,0.0
col_25,22,268,98,0.0,0.9,15,0.1,0.29644068793126316,0.2446735589671888,0.0
col_25,22,268,123,0.0,0.95,15,0.1,0.3066936291543087,0.19152131913637405,0.0
col_25,22,268,268,0.0,1.0,15,0.1,0.32863831507970853,0.07168481684458006,0.0
col_25,22,268,35,0.01,0.8,1,10.0,0.34823365896491465,-0.04231876196754669,0.0
col_25,22,268,42,0.01,0.85,1,10.0,0.3487240195540682,-0.04525628329464726,0.0
col_25,22,268,56,0.01,0.9,2,10.0,0.34534026767127324,-0.025069957787839936,0.0
col_25,22,268,78,0.01,0.95,2,10.0,0.3458995019913223,-0.02839258483428142,0.0
col_25,22,268,210,0.01,1.0,2,10.0,0.34563919816390604,-0.026845350457124884,0.0
col_25,22,268,31,0.05,0.8,1,10.0,0.34721298060603417,-0.03621761084142827,0.0
col_25,22,268,38,0.05,0.85,1,10.0,0.3493240978428699,-0.04885669642795354,0.0
col_25,22,268,52,0.05,0.9,2,10.0,0.34627085311649713,-0.03060189556624726,0.0
col_25,22,268,72,0.05,0.95,2,10.0,0.34655811043475226,-0.03231252602150003,0.0
col_25,22,268,195,0.05,1.0,2,10.0,0.3468366092702129,-0.03397235360172046,0.0
col_26,22,268,72,0.0,0.8,15,0.1,0.14580419958896795,0.4377713404802318,5.551115123125783e-17
col_26,22,268,81,0.0,0.85,15,0.1,0.1466702615048885,0.4310723431526545,5.551115123125783e-17
col_26,22,268,98,0.0,0.9,15,0.1,0.1530849353979335,0.38021961959455,0.0
col_26,22,268,123,0.0,0.95,15,0.1,0.1600355728884548,0.3226611728695208,0.0
col_26,22,268,268,0.0,1.0,15,0.1,0.16991720431089935,0.23643217222745094,0.0
col_26,22,268,35,0.01,0.8,1,10.0,0.19010538570739446,0.044211600813113594,0.0
col_26,22,268,42,0.01,0.85,2,10.0,0.19030188848842614,0.04223467474635123,0.0
col_26,22,268,56,0.01,0.9,2,10.0,0.18840709923183127,0.06121219394558186,0.0
col_26,22,268,78,0.01,0.95,1,10.0,0.18865152854594788,0.058774747482488454,0.0
col_26,22,268,210,0.01,1.0,1,10.0,0.18907968274838344,0.05449758256353576,0.0
col_26,22,268,31,0.05,0.8,1,0.1,0.18912319464793237,0.05406236562909916,0.0
col_26,22,268,38,0.05,0.85,2,10.0,0.19052913532808333,0.039945899825054254,0.0
col_26,22,268,52,0.05,0.9,1,10.0,0.1889519298137876,0.055774820818015436,0.0
col_26,22,268,72,0.05,0.95,1,10.0,0.18928612167916506,0.0524318390677837,0.0
col_26,22,268,195,0.05,1.0,1,10.0,0.18982817631921975,0.04699700681685093,0.0
col_27,22,268,72,0.0,0.8,15,0.1,0.11911272585544588,0.542952160339055,0.0
col_27,22,268,81,0.0,0.85,15,0.1,0.11881307556888995,0.5452488460680118,0.0
col_27,22,268,98,0.0,0.9,15,0.1,0.1209194725405657,0.5289816554086663,0.0
col_27,22,268,123,0.0,0.95,15,0.1,0.12796900327621966,0.47246059123681916,0.0
col_27,22,268,268,0.0,1.0,15,0.1,0.13970439527413356,0.37126813268241254,0.0
col_27,22,268,35,0.01,0.8,1,10.0,0.1730809226515925,0.03496350624723299,0.0
col_27,22,268,42,0.01,0.85,2,10.0,0.17237862016014127,0.042779185653825436,0.0
col_27,22,268,56,0.01,0.9,2,10.0,0.16932057192105898,0.07644069748567617,0.0
col_27,22,268,78,0.01,0.95,2,10.0,0.1695882344965003,0.0735184577626048,0.0
col_27,22,268,210,0.01,1.0,2,10.0,0.1689479882398921,0.08050074202346491,0.0
col_27,22,268,31,0.05,0.8,1,0.1,0.17139107329817546,0.05371549116113905,0.0
col_27,22,268,38,0.05,0.85,2,5.0,0.17166929702013847,0.05064073952117909,0.0
col_27,22,268,52,0.05,0.9,2,10.0,0.16945400576666245,0.07498449372304283,0.0
col_27,22,268,72,0.05,0.95,2,10.0,0.1697789218764062,0.07143378882883411,0.0
col_27,22,268,195,0.05,1.0,2,10.0,0.16934598671348355,0.07616342663474596,0.0
col_29,21,268,70,0.0,0.8,18,0.1,0.03970726614786874,0.7415203939191382,0.0
col_29,21,268,80,0.0,0.85,18,0.1,0.03824271132850029,0.7602361741033618,0.0
col_29,21,268,98,0.0,0.9,20,0.1,0.035079973115740716,0.7982540555441333,0.0
col_29,21,268,122,0.0,0.95,20,0.1,0.03676964023140615,0.7783513601295742,1.1102230246251565e-16
col_29,21,268,268,0.0,1.0,20,0.1,0.03743411837722155,0.7702679816216328,0.0
col_29,21,268,36,0.01,0.8,15,10.0,0.060457712055241565,0.40077527449556316,5.551115123125783e-17
col_29,21,268,42,0.01,0.85,15,10.0,0.060101994921613375,0.4078058888628553,0.0
col_29,21,268,56,0.01,0.9,9,0.1,0.05420561992283548,0.5183018918336304,0.0
col_29,21,268,77,0.01,0.95,9,0.1,0.057130121444635105,0.46492260507846417,5.551115123125783e-17
col_29,21,268,210,0.01,1.0,9,0.1,0.05629470012609019,0.4804572012385463,5.551115123125783e-17
col_29,21,268,32,0.05,0.8,20,0.1,0.04717428013746893,0.6351646826909358,0.0
col_29,21,268,38,0.05,0.85,12,10.0,0.06075325830071916,0.3949023599175201,0.0
col_29,21,268,52,0.05,0.9,12,10.0,0.055694471436753955,0.49147713771704227,5.551115123125783e-17
col_29,21,268,71,0.05,0.95,9,1.0,0.05864689266606012,0.43613346224962446,0.0
col_29,21,268,195,0.05,1.0,9,0.1,0.05736167124120714,0.4605764515001154,0.0
col_30,21,268,70,0.0,0.8,6,0.1,0.0601406968431196,0.6270448917886684,0.0
col_30,21,268,80,0.0,0.85,6,0.1,0.060517779927183955,0.6223533613669227,0.0
col_30,21,268,98,0.0,0.9,20,0.1,0.058868905421819655,0.642651823963396,0.0
col_30,21,268,122,0.0,0.95,20,0.1,0.05973901815109066,0.632010176361194,0.0
col_30,21,268,268,0.0,1.0,20,0.1,0.05898600790962109,0.6412287303733584,0.0
col_30,21,268,36,0.01,0.8,1,5.0,0.08492155019630687,0.2563724438142899,0.0
col_30,21,268,42,0.01,0.85,1,10.0,0.08311453123272154,0.28768257617904647,0.0
col_30,21,268,56,0.01,0.9,9,10.0,0.07874908722745239,0.3605439431424913,0.0
col_30,21,268,77,0.01,0.95,1,10.0,0.07973339976559128,0.34445846618097664,0.0
col_30,21,268,210,0.01,1.0,9,10.0,0.0802186875335745,0.3364544325529173,0.0
col_30,21,268,32,0.05,0.8,20,0.1,0.06148477545008475,0.6101883354477697,0.0
col_30,21,268,38,0.05,0.85,20,10.0,0.0799131271427038,0.34149981776815874,0.0
col_30,21,268,52,0.05,0.9,20,0.1,0.0705101257794509,0.48734803443967745,0.0
col_30,21,268,71,0.05,0.95,1,10.0,0.08083755461346936,0.326176764397314,0.0
col_30,21,268,195,0.05,1.0,6,0.1,0.07873378213887239,0.36079247886220633,0.0
col_31,21,268,70,0.0,0.8,6,0.1,0.052893899355353505,0.6727109704081673,1.1102230246251565e-16
col_31,21,268,80,0.0,0.85,20,0.1,0.05329667003303493,0.6677075836529525,1.1102230246251565e-16
col_31,21,268,98,0.0,0.9,20,0.1,0.048778692270159824,0.7216568196090389,1.1102230246251565e-16
col_31,21,268,122,0.0,0.95,20,0.1,0.04986997545538709,0.7090632465125148,0.0
col_31,21,268,268,0.0,1.0,20,0.1,0.049198531771204486,0.7168447853883448,1.1102230246251565e-16
col_31,21,268,36,0.01,0.8,15,10.0,0.07414229740806944,0.35693872437756413,0.0
col_31,21,268,42,0.01,0.85,15,10.0,0.07407532880292621,0.35809988255812564,0.0
col_31,21,268,56,0.01,0.9,9,5.0,0.06942836018332131,0.4361103867033945,5.551115123125783e-17
col_31,21,268,77,0.01,0.95,9,0.1,0.07098317399109615,0.4105715299156585,0.0
col_31,21,268,210,0.01,1.0,9,0.1,0.06911706722034178,0.44115562611191905,5.551115123125783e-17
col_31,21,268,32,0.05,0.8,20,0.1,0.06567936148970348,0.49536412280981534,0.0
col_31,21,268,38,0.05,0.85,20,10.0,0.0739933739460452,0.35951945724643153,0.0
col_31,21,268,52,0.05,0.9,20,10.0,0.06962219501945677,0.4329573804065663,0.0
col_31,21,268,71,0.05,0.95,20,10.0,0.07213767263330977,0.391242208734893,0.0
col_31,21,268,195,0.05,1.0,9,10.0,0.07227277618278466,0.3889598408057202,0.0
col_33,21,268,70,0.0,0.8,15,0.1,0.2795353452320114,0.3384017065717766,0.0
col_33,21,268,80,0.0,0.85,15,0.1,0.28580489334255654,0.308391633333962,0.0
col_33,21,268,98,0.0,0.9,15,0.1,0.29832519891114323,0.2464695689659031,0.0
col_33,21,268,122,0.0,0.95,15,0.1,0.29495479102222133,0.2633998076740913,0.0
col_33,21,268,268,0.0,1.0,20,10.0,0.33254755247288637,0.06367109674906668,0.0
col_33,21,268,36,0.01,0.8,1,10.0,0.3472494145525371,-0.020948798804701463,0.0
col_33,21,268,42,0.01,0.85,1,10.0,0.3492026760795699,-0.032466679095174866,0.0
col_33,21,268,56,0.01,0.9,1,10.0,0.3421092198428885,0.009052890415665593,0.0
col_33,21,268,77,0.01,0.95,1,10.0,0.33954650127770475,0.02384352873540352,0.0
col_33,21,268,210,0.01,1.0,1,10.0,0.33490648124000627,0.05034026930928848,0.0
col_33,21,268,32,0.05,0.8,1,10.0,0.3434615519021033,0.0012031272168215867,0.0
col_33,21,268,38,0.05,0.85,1,10.0,0.3475807356495175,-0.02289796407154654,0.0
col_33,21,268,52,0.05,0.9,1,10.0,0.3410980356800175,0.014902187060492511,0.0
col_33,21,268,71,0.05,0.95,1,10.0,0.3399700123454354,0.021406920555344433,0.0
col_33,21,268,195,0.05,1.0,1,10.0,0.3357040631242647,0.04581164204348509,0.0
col_34,21,268,70,0.0,0.8,12,0.1,0.2126758615274842,0.5565960650756945,0.0
col_34,21,268,80,0.0,0.85,9,0.1,0.21571962264678884,0.5438134829804298,0.0
col_34,21,268,98,0.0,0.9,12,0.1,0.22112340375870917,0.5206722605084677,0.0
col_34,21,268,122,0.0,0.95,12,0.1,0.2293479264406443,0.48435266526510967,5.551115123125783e-17
col_34,21,268,268,0.0,1.0,20,0.1,0.24094978706323622,0.4308637670187897,5.551115123125783e-17
col_34,21,268,36,0.01,0.8,1,10.0,0.30122820413290563,0.11048268441097553,0.0
col_34,21,268,42,0.01,0.85,1,10.0,0.2999837926418911,0.117816918919179,0.0
col_34,21,268,56,0.01,0.9,1,10.0,0.29436297147060086,0.15056627853469795,0.0
col_34,21,268,77,0.01,0.95,1,10.0,0.2914797862121344,0.1671246169971463,0.0
col_34,21,268,210,0.01,1.0,1,10.0,0.29179814481364574,0.16530426542023802,0.0
col_34,21,268,32,0.05,0.8,1,0.1,0.2969760540762924,0.13541836485349346,0.0
col_34,21,268,38,0.05,0.85,1,5.0,0.2992104502845838,0.12235949878092622,0.0
col_34,21,268,52,0.05,0.9,1,10.0,0.2941862045922224,0.15158615316792767,0.0
col_34,21,268,71,0.05,0.95,1,10.0,0.2927834153803861,0.15965796784951158,0.0
col_34,21,268,195,0.05,1.0,1,10.0,0.29344421856947867,0.15586043483439815,0.0
col_35,21,268,70,0.0,0.8,15,0.1,0.21259942045302818,0.6186647799243761,0.0
col_35,21,268,80,0.0,0.85,9,0.1,0.21738041282183151,0.6013207943605148,0.0
col_35,21,268,98,0.0,0.9,9,0.1,0.21579164536664797,0.6071271486992653,0.0
col_35,21,268,122,0.0,0.95,15,0.1,0.2293830176850332,0.5560794093442772,0.0
col_35,21,268,268,0.0,1.0,18,0.1,0.2329005955716681,0.5423600134841471,0.0
col_35,21,268,36,0.01,0.8,1,1.0,0.3060502389622029,0.20974325417348472,0.0
col_35,21,268,42,0.01,0.85,1,5.0,0.30284718798484145,0.226197983979198,0.0
col_35,21,268,56,0.01,0.9,1,10.0,0.29803600846843364,0.2505886908534438,0.0
col_35,21,268,77,0.01,0.95,1,10.0,0.2952671424783341,0.2644486310904739,0.0
col_35,21,268,210,0.01,1.0,1,10.0,0.2976671799100302,0.2524423813849649,0.0
col_35,21,268,32,0.05,0.8,1,0.1,0.3023162006718794,0.2289090466457514,0.0
col_35,21,268,38,0.05,0.85,1,0.1,0.30329634018382723,0.22390103277788942,0.0
col_35,21,268,52,0.05,0.9,1,10.0,0.29892967667503506,0.24608769677876796,0.0
col_35,21,268,71,0.05,0.95,1,10.0,0.2973697777619469,0.2539354191999744,0.0
col_35,21,268,195,0.05,1.0,1,10.0,0.29979006127785496,0.2417416042182151,0.0
